name,address,latitude,longtitude,tel,website,googleURL,rating,img1,img2,img3
TeamMoto Suzuki Motorcycles Virginia Brisbane,1920 Sandgate Road Virginia,-27.3673231,153.0615135,+61 7 3259 2988,http://www.teammotosuzukivirginia.com.au/,https://maps.google.com/?cid=16073699334399312826,4.1,https://lh3.googleusercontent.com/p/AF1QipNSKWOLQ84QTwunxgpDDX80TzUt-DclfkoEHABU=s1600-w500-h500,https://lh3.googleusercontent.com/p/AF1QipN7925iAINquz5TlzNL0rs8DQ4fQS2xpaCV3ceV=s1600-w500-h500,https://lh3.googleusercontent.com/p/AF1QipMW5GBEgBMQWmoIB1jIgNfFop06mxdaJHQlAkvU=s1600-w500-h500
TeamMoto KTM Motorcycles Virginia Brisbane,1916 Sandgate Road Virginia,-27.3667857,153.0615812,+61 7 3259 2988,http://www.teammotoktmvirginia.com.au/,https://maps.google.com/?cid=7154742589223901794,4.2,https://lh3.googleusercontent.com/p/AF1QipMEaoO1oUXf02yva9hsCGKp1X9sfLiI-8KBdxV4=s1600-w500-h500,https://lh3.googleusercontent.com/p/AF1QipPK3kq78EgCQMD__m6s4HSsaqcA1ACoKlAa4ubZ=s1600-w500-h500,https://lh3.googleusercontent.com/p/AF1QipNEtEE4fKIfH0YKrQ9BBacFnQ6R9Pc_SQRla0JY=s1600-w500-h500
Precision Motorcycle,129 Southgate Avenue Virginia Beach,36.8416499,-76.15449529999999,+1 757-248-8004,http://www.precisionmotorcycle.com/,https://maps.google.com/?cid=7985948427960096682,4.6,https://lh3.googleusercontent.com/p/AF1QipPnDYe6jO_PHYs-6wuyQB83YXgKRffnBCvjwlKj=s1600-w500-h500,https://lh3.googleusercontent.com/p/AF1QipMgG9x-LZjM6QrrFYEPS2nDUebQpi_vesrXwj24=s1600-w500-h500,https://lh3.googleusercontent.com/p/AF1QipMpySnEXj7JOV9Ihv86y8By_OhVbQjrCBWtp5MP=s1600-w500-h500
Virginia Beach Harley Davidson,1908 Atlantic Avenue Virginia Beach,36.8477198,-75.97519339999999,+1 757-425-2458,http://www.hrhd.com/,https://maps.google.com/?cid=8295250307151491763,4.5,https://lh3.googleusercontent.com/p/AF1QipNkmw54wFuu4ziuaxrOXC-pqkmcXPX5w2AkZt0N=s1600-w500-h500,https://lh3.googleusercontent.com/p/AF1QipPsA_580imzPeNS3M6W29DVFBeBDqmAUQcQJec-=s1600-w500-h500,https://lh3.googleusercontent.com/p/AF1QipOarKdpzp_AbWAcKNO_xMCGt-ALx0VH1FtRhetc=s1600-w500-h500
Cycle World,4972 Virginia Beach Boulevard Virginia Beach,36.844102,-76.14976100000001,+1 757-499-4146,http://www.vbcycleworld.com/,https://maps.google.com/?cid=12032453983762743648,3.7,https://lh3.googleusercontent.com/p/AF1QipPrzxxdaHo7InTo8_EOX5K9U8YMf9v81Wz61HUi=s1600-w500-h500,https://lh3.googleusercontent.com/p/AF1QipO03AkmXic0I2LiM7NqaczkVNtxrsXRMuNYKZeP=s1600-w500-h500,https://lh3.googleusercontent.com/p/AF1QipMYOLcSM7Z2hroGZBMKuxcEgS5rirjZw98hPk7q=s1600-w500-h500
Classic Iron Motorcycles,4907 Jefferson Davis Highway Fredericksburg,38.25765,-77.498969,+1 540-479-1114,http://www.classiciron.com/,https://maps.google.com/?cid=6627569171750114578,4.4,https://lh3.googleusercontent.com/p/AF1QipNB3j62dzstlAvK5NND7RFcU5sYWcmpFZbSJh6L=s1600-w500-h500,https://lh3.googleusercontent.com/p/AF1QipOQZdbnlzivpuT9aKB3uNQ1LUybiaG3s-jiVgMa=s1600-w500-h500,https://lh3.googleusercontent.com/p/AF1QipNgavfHv9vbk_BdHLEwkFNRYgPOkyIpWMJjstiC=s1600-w500-h500
Motorcycles Of Dulles,22890 Quicksilver Drive #189 Dulles,38.9827457,-77.47660540000001,+1 703-330-1200,http://www.motorcyclesofdulles.com/,https://maps.google.com/?cid=13766441071090246610,4.9,https://lh3.googleusercontent.com/p/AF1QipNqouZr2adLXwkW30YJ8xopW80eXLJx7U1peAM=s1600-w500-h500,https://lh3.googleusercontent.com/p/AF1QipOYvhVvvB2Yn2KB6BUj1wUmTfBVJ02qttVfZTg=s1600-w500-h500,https://lh3.googleusercontent.com/p/AF1QipOSHc9za0ek_F0EqD9wk-8DbYb2m1cLdc3Ecsmi=s1600-w500-h500
Coleman PowerSports,435 South Washington Street Falls Church,38.8794371,-77.1755699,+1 703-237-3400,http://www.wherethepoweris.com/,https://maps.google.com/?cid=11808926473252556208,4.2,https://lh3.googleusercontent.com/p/AF1QipMOuUaFCnk55aBCnQH0NaiQULkXnBWmuMLjcKFO=s1600-w500-h500,https://lh3.googleusercontent.com/p/AF1QipNEwJlfWPfBrP7gQ8jG4cKf2KmWJ8E1pi3-ajnY=s1600-w500-h500,https://lh3.googleusercontent.com/p/AF1QipPGemn31V3OkdBMcHwk2Q_txbMoYF7mNGG7PxS_=s1600-w500-h500
Coleman PowerSports,14105 Telegraph Road Woodbridge,38.64569760000001,-77.2875648,+1 703-497-1500,http://www.wherethepoweris.com/,https://maps.google.com/?cid=18079575009565060388,4.2,https://lh3.googleusercontent.com/p/AF1QipOZjDwWpUEYc4L6_4i0v1_h6nuQUT_wlFiEa-mx=s1600-w500-h500,https://lh3.googleusercontent.com/p/AF1QipNMG6DMxSNIrADhZC0BwWW6sAddYuXEo-BQjMQE=s1600-w500-h500,https://lh3.googleusercontent.com/p/AF1QipNqqUAQW-uj5s3pMq4hbCbI1TlBm3hFzVIgyN30=s1600-w500-h500
Sunrise Cycles,1559 East Little Creek Road Norfolk,36.9163284,-76.23133989999999,+1 757-583-2223,http://www.sunrisecycle.com/,https://maps.google.com/?cid=15479688968137374645,4.6,https://lh3.googleusercontent.com/p/AF1QipNCLv0YXpk1i7ILIr9Wc1tl9eKByftkbwFBK04n=s1600-w500-h500,https://lh3.googleusercontent.com/p/AF1QipNQ75Mjly3d9cmMZ2ilThDkXW445eLYOwIzakCV=s1600-w500-h500,https://lh3.googleusercontent.com/p/AF1QipOjBmYub-M4daO7_lcn-rXQALh3leGUfbCXrHwz=s1600-w500-h500
Manassas Honda Kawasaki Suzuki (MHKS),9105 Mathis Avenue Manassas,38.7576457,-77.4654025,+1 703-361-2233,http://www.manassashonda.com/,https://maps.google.com/?cid=6730784868318340124,4,https://lh3.googleusercontent.com/p/AF1QipMo3O3QlKqPX2_fEjQMV-6qYqkhfKKAFpYv0L_q=s1600-w500-h500,https://lh3.googleusercontent.com/p/AF1QipN3UuHo-6tazpqAVpJn980UhBOU-0JVSVnEm_rC=s1600-w500-h500,https://lh3.googleusercontent.com/p/AF1QipN_QYV1oozICjkwF9KeFYV02YXGrsBvJsaO67bQ=s1600-w500-h500
Chix Custom Cycles,3745 Shore Drive Virginia Beach,36.9073919,-76.1018641,+1 757-363-2453,http://www.chixcustomcycles.com/,https://maps.google.com/?cid=2067517578727082974,5,https://lh3.googleusercontent.com/p/AF1QipPHo4HTUjO7YK76iLbkJz56fE0aVuecXMrydeul=s1600-w500-h500,https://lh3.googleusercontent.com/p/AF1QipPC4dMJp8b45ojpGE-pynQE20hVRJ-sA0t_LpEp=s1600-w500-h500,https://lh3.googleusercontent.com/p/AF1QipO5yD0-ye4WrSWGo8ix6JUCBOYYuE3ubzkV3g6n=s1600-w500-h500
ICON Moto Sport,6353 Indian River Road Virginia Beach,36.8161557,-76.21209329999999,+1 757-361-5919,http://www.iconmotosport.com/,https://maps.google.com/?cid=15409205433949631191,4,https://lh3.googleusercontent.com/p/AF1QipNJEZ-Vc874UCZWfG7WAftGtPnppjuvR3-dTL3W=s1600-w500-h500,https://lh3.googleusercontent.com/p/AF1QipOvyxUH__fmwn8VkzlGjyiuiH0jIWhJ55EBL7Mc=s1600-w500-h500,https://lh3.googleusercontent.com/p/AF1QipOWXEFfPlASQKO91t_e1sUN0in0RAMAow1uClgZ=s1600-w500-h500
Tidewater Motorcycles Inc,4324 Godwin Boulevard Suffolk,36.815133,-76.57668079999999,+1 757-255-4200,http://www.tidewatermotorcycles.com/,https://maps.google.com/?cid=12232280030944830332,4.5,https://lh3.googleusercontent.com/p/AF1QipMHKg3Tdi2oSyGx8k-v47UBMC7E_O-g0Zaxb0ae=s1600-w500-h500,https://lh3.googleusercontent.com/p/AF1QipPO8XN1khPsPgkSLKErPlNpeaQO3qQg8VO65liv=s1600-w500-h500,https://lh3.googleusercontent.com/p/AF1QipPvihXVSNNY255gV-AgcLrMselPZ5Hb9Wz2mOYw=s1600-w500-h500
Morton's BMW Motorcycles,5099 Jefferson Davis Highway A Fredericksburg,38.254692,-77.500778,+1 540-891-9844,http://www.mortonsbmw.com/,https://maps.google.com/?cid=16928023190592363530,4.8,https://lh3.googleusercontent.com/p/AF1QipOh3sI6so53LwzH1upRPFArfB-FvLl-amvoGly_=s1600-w500-h500,https://lh3.googleusercontent.com/p/AF1QipOKgeR2MZLXTLhvjdeTcIU5ek8RKWbV06-xxh1Y=s1600-w500-h500,https://lh3.googleusercontent.com/p/AF1QipNAlwHC2ijaMRN5VUK7gusDldpFSz5qPC8zq6AW=s1600-w500-h500
Ducati,George Washington Memorial Highway Yorktown,37.1813635,-76.4829821,,http://www.redlinemotors.com/,https://maps.google.com/?cid=18195898870253588176,
La Moto Washington,3298 Wilson Boulevard Ste A Arlington,38.884122,-77.098648,+1 703-243-7700,http://www.lamotowashington.com/,https://maps.google.com/?cid=1337457336066336508,3.8,https://lh3.googleusercontent.com/p/AF1QipOPP4w2PXvLtpYeJRpibwMP4fhsCU74UAKYS73A=s1600-w500-h500,https://lh3.googleusercontent.com/p/AF1QipN8w_-OdPACcwjm26Yr0kJz1RCsB3iOebO5gG8D=s1600-w500-h500,https://lh3.googleusercontent.com/p/AF1QipOumlOHOul_igQrI-y9FU4eONyBH9ScFZyP9_4q=s1600-w500-h500
Vespa,3298 Wilson Boulevard Arlington,38.8841778,-77.09839909999999,+1 703-243-8377,https://www.lamotowashington.com/,https://maps.google.com/?cid=8354540323774197433,2.8
Cycle City Corp,634 J Clyde Morris Boulevard Newport News,37.07417,-76.4718443,+1 757-595-9721,http://www.cyclecitycorp.com/,https://maps.google.com/?cid=11635934607584984506,3.2,https://lh3.googleusercontent.com/p/AF1QipPon9fMczj8rl3N7m3OEryA3M_PoKtwYrj7fz3H=s1600-w500-h500,https://lh3.googleusercontent.com/p/AF1QipPh-AA3Gjc1UJZHR96_JjMizQFShG58YWh09tQy=s1600-w500-h500,https://lh3.googleusercontent.com/p/AF1QipONbnztM6lvFsq1E3r5-ViJ4Ziio2xdAk0FQkU=s1600-w500-h500
Valley Kawasaki-Suzuki Inc,195 East Mosby Road Harrisonburg,38.4182818,-78.8927868,+1 540-433-0232,https://valleykawasaki-suzukiinc.com/,https://maps.google.com/?cid=12406398490299915372,4.5,https://lh3.googleusercontent.com/p/AF1QipOcAUWR8Riqk7wWaVyOgWPttW3pBzGCqSarTRbm=s1600-w500-h500,https://lh3.googleusercontent.com/p/AF1QipNgp1ispMG7wAPsq8uqrzHj7PYWbXSFxc04ou8k=s1600-w500-h500,https://lh3.googleusercontent.com/p/AF1QipM9U14_GQ09eF3KA0Zme7IeDeh0bDobRyFPS-ym=s1600-w500-h500
Hardcore Choppers,44225 Mercure Circle Ste 190A Sterling,38.98679569999999,-77.47727639999999,+1 703-464-0494,http://www.hardcorechoppers.com/,https://maps.google.com/?cid=420332732292836974,4.2,https://lh3.googleusercontent.com/p/AF1QipOjbAYv-6GAgnc9tm6kt0rG0ekeGTPco8d0ESN_=s1600-w426-h426,https://lh3.googleusercontent.com/p/AF1QipMaCnT_oBjMQaZy1DUWyhshkx5mlH24UuaTkjv5=s1600-w500-h459,https://lh3.googleusercontent.com/p/AF1QipMtfcPCL0Fk-vX2BdFU_z1gBTeS-EvWpqnn7cQ1=s1600-w336-h336
Valley Cycle Center,100 Myersons Drive Winchester,39.139719,-78.124555,+1 540-667-1893,http://www.valleycyclecenter.com/,https://maps.google.com/?cid=10572824195178481470,4.7,https://lh3.googleusercontent.com/p/AF1QipOuj2sTVuzWAHvo8vzVa4HvOOxzsdPVS6gFzYk=s1600-w500-h500,https://lh3.googleusercontent.com/p/AF1QipO7b_5U9O9PMavXm96srvdxGUT-xN-9Ym4V5eVT=s1600-w500-h315,https://lh3.googleusercontent.com/p/AF1QipOWgJrS08UbvZYDlC5SbvE0y0ngYq6pRnomllZo=s1600-w500-h500
Motorcycle Factory Inc.,3820 Prince William Parkway Woodbridge,38.661238,-77.324918,+1 703-583-9600,http://www.motorcyclefactoryinc.com/,https://maps.google.com/?cid=11180514232685510423,4,https://lh3.googleusercontent.com/p/AF1QipOuSjBDy_i0DWesxQzVVMoRvhXuwJhYNGlXQha5=s1600-w500-h500,https://lh3.googleusercontent.com/p/AF1QipOEw80zMfA2udZV--bEp-rsLf6BGbyLQSBlTgBE=s1600-w500-h500,https://lh3.googleusercontent.com/p/AF1QipMqiaEnzKHzB6SpaAibqEHEBOH_2pMYpfLCkeYk=s1600-w500-h500
Bayside Harley-DavidsonÂ®,2211 Frederick Boulevard Portsmouth,36.822501,-76.329842,+1 757-397-5550,http://www.baysidehd.com/,https://maps.google.com/?cid=8143380413025416296,4.4,https://lh3.googleusercontent.com/p/AF1QipNP2Z524xU2qjvsDdmNZIrfz7V2earrbdNcoKoM=s1600-w500-h500,https://lh3.googleusercontent.com/p/AF1QipNpGjZ3EcAY2HPDsgCWB_5wv8tc0nrQ9MXIDdN7=s1600-w500-h500,https://lh3.googleusercontent.com/p/AF1QipPi05ZjFKDvEt3P9NEck1qceGz_UBpbVjRaV9Cc=s1600-w500-h500
Richmond Honda House,7906 West Broad Street Richmond,37.6234496,-77.527018,+1 804-270-0123,https://richmondhondahouse.com/,https://maps.google.com/?cid=14433688567993018553,3.9,https://lh3.googleusercontent.com/p/AF1QipNYs491l6k-bH9FDKIWiI7ZEWvK4Jt71g8tSk6H=s1600-w500-h500,https://lh3.googleusercontent.com/p/AF1QipN2HUAm5YE9SlAia4ejV5OiTVWWr9xuo89vQ-ED=s1600-w500-h500,https://lh3.googleusercontent.com/p/AF1QipNnpIjVwSdqoJTOfWUD-i5zftffnEacGv5Hwtrc=s1600-w500-h500
Southside Harley-Davidson,385 North Witchduck Road Virginia Beach,36.848688,-76.15597699999999,+1 757-499-8964,http://www.hrhd.com/,https://maps.google.com/?cid=15103803558175453677,4.7,https://lh3.googleusercontent.com/p/AF1QipO4fbaG_hYV1B_mWFyLM-_4Lzf4tpKjhHYIXO8g=s1600-w500-h500,https://lh3.googleusercontent.com/p/AF1QipMq_tBCNEMiRRUmzOCCeIz5k23adkdl-BVZ8tp_=s1600-w500-h500,https://lh3.googleusercontent.com/p/AF1QipOI2Ln8T4-iD2R6QPToAMVu_HfW-G-RMfnVqGff=s1600-w500-h500
Friendship Motorsports,2033 West State Street Bristol,36.596277,-82.20692699999999,+1 276-644-4700,http://www.friendshipmotorsports.com/,https://maps.google.com/?cid=12142046320057947128,4.7,https://lh3.googleusercontent.com/p/AF1QipODIbC9EFX1iLC5y0fmapAW_kv-bUE2HkQMNbRZ=s1600-w500-h500,https://lh3.googleusercontent.com/p/AF1QipPpPQ6nL_fxvuEdrX_ev2zjR4cOyjtGMmYCAAqn=s1600-w500-h500,https://lh3.googleusercontent.com/p/AF1QipOXGNoZJmIusj_kdyASH16jc8JXuNIGLlckiYw-=s1600-w500-h500
Gemini Motorcycles,45690 Elmwood Court #150 Sterling,39.022441,-77.420087,+1 703-728-2594,http://geminimotorcycles.com/,https://maps.google.com/?cid=7718718965953889944,4.9,https://lh3.googleusercontent.com/p/AF1QipO676KE4s-TyaJ3fqIl-nhKDi9HiXZuy5ajZVXb=s1600-w500-h500,https://lh3.googleusercontent.com/p/AF1QipOBTJtcKjRAH64ukYwgtS0bnV15IYMHozht4AWD=s1600-w500-h500,https://lh3.googleusercontent.com/p/AF1QipPiRuhiC6s_RZA8aeqtVgXCbPTF7A9HHD-8N7VJ=s1600-w500-h500
Virgil Naff Power Sports,1101 Kemper Street Lynchburg,37.404541,-79.15566099999999,+1 434-528-0462,http://www.virgilnaff.com/,https://maps.google.com/?cid=11350297792882088332,4.4,https://lh3.googleusercontent.com/p/AF1QipPaeobmmj58N1LxYc0Ys5ToaG3qT7gBGh83JOMa=s1600-w500-h500,https://lh3.googleusercontent.com/p/AF1QipN_47RyyjN463AjTia75fpHS-y-NP2MARaulKq6=s1600-w500-h480,https://lh3.googleusercontent.com/p/AF1QipOk4o4Ah2i9A2nR9mMKzH0rQmlIJB4HxlZKoL_j=s1600-w500-h500
Triumph Motorcycles of Harrisonburg,3211 South Main Street Harrisonburg,38.40873,-78.906657,+1 540-564-0990,http://www.triumphofharrisonburg.com/,https://maps.google.com/?cid=16995293171749352425,4.2,https://lh3.googleusercontent.com/p/AF1QipOJmslSVcR3DC_dNi5ursRQtjP-_nFNWElqbKXD=s1600-w500-h500,https://lh3.googleusercontent.com/p/AF1QipP9C9Khqo9kWU0DTp3cQOQu6WWifpnTYXbeebzB=s1600-w500-h500,https://lh3.googleusercontent.com/p/AF1QipPCAuoeWr_LldDddck3oj5B0TKiF7NYG-CfXmq2=s1600-w500-h500
Absolute Performance Cycles,14818 Warwick Boulevard Newport News,37.136263,-76.544253,+1 757-820-0909,http://www.absoluteperformancecycles.com/,https://maps.google.com/?cid=13080074429116213013,4.8,https://lh3.googleusercontent.com/p/AF1QipOoc6BdhUIpnZnntMrN90tdffi5gNHqvUpBerXV=s1600-w500-h500,https://lh3.googleusercontent.com/p/AF1QipOKcxaOVPAPjIzWfy0Td_J8T5tivWkRbO6vQotC=s1600-w500-h500,https://lh3.googleusercontent.com/p/AF1QipM78VO-tkl8hrTcC8glQKWwVE_oVDnrek-bG0c=s1600-w500-h500
Star City Power Sports,5120 Peters Creek Road Roanoke,37.33206260000001,-79.98118580000001,+1 540-366-8500,http://www.shopstarcitypowersports.com/index.htm,https://maps.google.com/?cid=13034461049583596491,4.1,https://lh3.googleusercontent.com/p/AF1QipM0eJvUR8_w861LE1Nr9bAkC0y3SoBWq2AS6ZgP=s1600-w500-h500,https://lh3.googleusercontent.com/p/AF1QipOxn9wS1LX9NFjMMjxQs2qnZzGYRdrjvj8jj9L7=s1600-w500-h500,https://lh3.googleusercontent.com/p/AF1QipPlMH_IxIHuk7eKLxkUWBzWW9AeEH528-kEdbeQ=s1600-w500-h500
Hampton Roads Harley-Davidson,6450 George Washington Memorial Highway Yorktown,37.17195299999999,-76.471743,+1 757-872-7223,http://www.hrhd.com/,https://maps.google.com/?cid=17138405749443980604,4.8,https://lh3.googleusercontent.com/p/AF1QipNAkaBgVUCna5-yusZ_6FlgbjlUf4DGpKr7Cr3A=s1600-w500-h500,https://lh3.googleusercontent.com/p/AF1QipM3gJvNXJXESVEpmFXKW7MyFPoQ7Ol7wes_WCf7=s1600-w500-h500,https://lh3.googleusercontent.com/p/AF1QipOCH8xji2HXfy1hoIuzw5aEQx3qDTQmfbO_3X9o=s1600-w500-h500
Moto Richmond // Scoot Richmond,217 West 7th Street Richmond,37.5260417,-77.4423927,+1 804-230-1000,http://www.motorichmond.com/,https://maps.google.com/?cid=5929082538678960927,4.7,https://lh3.googleusercontent.com/p/AF1QipPQLevD3KC38NdgTSdKq7s02d62DaFS55yxQGq8=s1600-w500-h500,https://lh3.googleusercontent.com/p/AF1QipM3GQCTgcvWzyeVxu9UgdmgeLXcNUhqRtWte3p5=s1600-w500-h500,https://lh3.googleusercontent.com/p/AF1QipPtjmqUotMCpBFR87Xnb-PIT-3KdxG4XsCpySg-=s1600-w500-h500
Sprocketz,7902 West Broad Street Richmond,37.623115,-77.52682,+1 804-270-0123,https://richmondhondahouse.com/,https://maps.google.com/?cid=4243793995649081818,4.3,https://lh3.googleusercontent.com/p/AF1QipMm9F95dcanlCjkmUFZQdH4yFm-YK-DtXPwQTk1=s1600-w500-h402,https://lh3.googleusercontent.com/p/AF1QipNMygmoBuExVTZW-a_rCfoZd8SIB3WfCp0e0XvR=s1600-w500-h500,https://lh3.googleusercontent.com/p/AF1QipMfr3i5JiqLDLzYwMJ6PkCHXnWYXMGxod7drY_k=s1600-w500-h500
Ken's Cycle Center,501 East 9 Mile Road Highland Springs,37.542264,-77.324332,+1 804-737-7803,http://www.kenscycle.com/,https://maps.google.com/?cid=5793564230481817619,3.8,https://lh3.googleusercontent.com/p/AF1QipMgaeIgvv2yLOIg2HfIpkH7Rl-dywKdbUokIOPe=s1600-w500-h500,https://lh3.googleusercontent.com/p/AF1QipNeZeJqEO7xvZ2e20ebrvVSQSslUPXBmSjMd0Gg=s1600-w500-h500,https://lh3.googleusercontent.com/p/AF1QipN_Z9fZa3kh1GcpDanlr7mSYkqWBJJSJXpVu1DZ=s1600-w500-h500
Patriot Harley-Davidson,9739 Fairfax Boulevard Fairfax,38.863605,-77.28099800000001,+1 703-352-5400,http://www.patriothd.com/,https://maps.google.com/?cid=15088155963859363352,4,https://lh3.googleusercontent.com/p/AF1QipPruGxk_9mKA9b8lce8dPJh1LPYTfVrdCW6ih-v=s1600-w500-h500,https://lh3.googleusercontent.com/p/AF1QipPRj3qVw6pWn-e2EwR48P2O9-cIULl0vbERqEr6=s1600-w500-h500,https://lh3.googleusercontent.com/p/AF1QipMzElxTJFuGtIwIRgArJgoaWFnzKQP679vNtbOT=s1600-w500-h500
Richmond Yamaha,7902 West Broad Street Richmond,37.622738,-77.527196,+1 804-270-0123,https://richmondhondahouse.com/,https://maps.google.com/?cid=14582373398066353818,
Extreme Powersports Inc,4106 Lafayette Boulevard Fredericksburg,38.261769,-77.4933965,+1 540-891-4009,http://extremepowersport.com/,https://maps.google.com/?cid=10498055396593035946,4.3,https://lh3.googleusercontent.com/p/AF1QipMXSSFIfv3n65pkLyvdxjc0qc-37yvIq25KFs9I=s1600-w500-h500,https://lh3.googleusercontent.com/p/AF1QipMF_al70UQ-W1dQxrIcHx5TbN9MaWDSKHvQnZ3j=s1600-w500-h500,https://lh3.googleusercontent.com/p/AF1QipMgJ-0JOe7Ut4STbcOmknhCVOZJ3d0f5AFsHkog=s1600-w500-h500
Ride On Moto,4110 Valley Pike Winchester,39.113874,-78.200785,+1 540-722-7100,http://www.rideonmoto.com/,https://maps.google.com/?cid=6457959323850554095,4.8,https://lh3.googleusercontent.com/p/AF1QipNqBbZqTM7gp-mjoejumfNfmHxVfwYwkmRTnZrn=s1600-w500-h500,https://lh3.googleusercontent.com/p/AF1QipNWvE-7MdJ8m46B2COOLcgLX7hMM4wW4FDGAPQ6=s1600-w500-h500,https://lh3.googleusercontent.com/p/AF1QipOFH3S6WvxrJmlgeAp4TZul_Cm_PVRr9zSDrcXl=s1600-w500-h500
Richmond Harley-Davidson,12200 Harley Club Drive Ashland,37.7294161,-77.45210709999999,+1 804-752-2800,http://www.richmondharley.com/,https://maps.google.com/?cid=4168187723237160903,4.5,https://lh3.googleusercontent.com/p/AF1QipMSIdir62g7YVohwsfrh6isH76NOvcA5wPGyXTD=s1600-w500-h500,https://lh3.googleusercontent.com/p/AF1QipPsOombZ6MIvlij1R6A_jCDCkLanRA8-D83YvlZ=s1600-w500-h500,https://lh3.googleusercontent.com/p/AF1QipOvm-AHcMaIjdn_iwFZGaYcRFPFVQCnY344uYps=s1600-w500-h500
Steel Horse Harley-Davidson,11501 Hull Street Rd Midlothian,37.4337258,-77.6074732,+1 804-639-1737,http://www.steelhorseharley.com/,https://maps.google.com/?cid=3819960669077332099,4.3,https://lh3.googleusercontent.com/p/AF1QipMdWSW3aBWwX858DFBy7CUyRK0XIsoNIxT-xxu0=s1600-w500-h500,https://lh3.googleusercontent.com/p/AF1QipMRAiBH_qM1DEvpKEbsbnd59vyKF2C3Gstg5-fl=s1600-w500-h500,https://lh3.googleusercontent.com/p/AF1QipNCSIMcn3FrDuVSAC7o_D0MMBoUEQq15_POS5oC=s1600-w500-h500
Triangle Cycles,2104 Riverside Drive Danville,36.5961331,-79.4046994,+1 434-799-8000,http://www.trianglecycles.com/,https://maps.google.com/?cid=3311017155462513103,4.3,https://lh3.googleusercontent.com/p/AF1QipMVL3siHO56Z2BhYceohODWv3U-QUjb1KyJ6XCd=s1600-w500-h500,https://lh3.googleusercontent.com/p/AF1QipMX8Te9ufm4iVOe8-udaCgto12MwxNbZ_7-WFFd=s1600-w500-h500,https://lh3.googleusercontent.com/p/AF1QipPJd1vc0mIgvknMrFkfVybSrKMvVl-R4v6yD2Ec=s1600-w500-h500
JME Mini Bikes,2505 South Military Highway Ste A Chesapeake,36.7766871,-76.28304779999999,+1 757-545-3858,http://jmeminibikes.com/,https://maps.google.com/?cid=5853977769548993621,5,https://lh3.googleusercontent.com/p/AF1QipPvBDgFmRms0PawewD6ECniyPQeIZjVxFiCMayh=s1600-w500-h500,https://lh3.googleusercontent.com/p/AF1QipNTMaYXb_aERYfRCsTXSznihhEASoYtVKVj3ydH=s1600-w500-h500
Cycle Gear,7000 Spring Garden Drive Springfield,38.7725589,-77.18436199999999,+1 703-940-0958,http://www.cyclegear.com/,https://maps.google.com/?cid=11779747773532723255,4.3,https://lh3.googleusercontent.com/p/AF1QipOqEAmZpuB3oqf2xgHFLThYKrTuX2HZ-UEcAGNv=s1600-w500-h500,https://lh3.googleusercontent.com/p/AF1QipOE2NmYfkoT90FMZgiegqtytWfxiqHnFsQeAUFP=s1600-w500-h500,https://lh3.googleusercontent.com/p/AF1QipOS1z4Frcxemzzbc4nF8rVS1BrGPM69h9jJHtHr=s1600-w500-h500
Black Bear Harley-Davidson,430 Lithia Road Wytheville,36.9508032,-81.0557714,+1 276-228-9000,http://www.blackbearhd.com/,https://maps.google.com/?cid=856304400658906813,4.6,https://lh3.googleusercontent.com/p/AF1QipPkhg_3s5SFZj-ZhduklHP56VXR5Y-JzAVSOY9P=s1600-w500-h500,https://lh3.googleusercontent.com/p/AF1QipOE7t0aij91EgCcOWKLWakPJ7VtJ7EeYbw4qGU=s1600-w500-h500,https://lh3.googleusercontent.com/p/AF1QipNFlpaUGQ8PHiVmWoszHx8X7WMGg6shl6wp5aNI=s1600-w500-h500
TireMax - Powersports: Scooters golf carts go Karts and UTVs,7015 Brook Road Richmond,37.619083,-77.456998,+1 804-262-1900,http://www.tiremax.net/,https://maps.google.com/?cid=370189883292113687,4.6,https://lh3.googleusercontent.com/p/AF1QipNX2W879Y-4M35g_GWJ6fbpZzjBEGvZu8Hg2lbe=s1600-w500-h500,https://lh3.googleusercontent.com/p/AF1QipNWoybXqSaAywtHZoHO2z57kXsMFSIvA-a46TuV=s1600-w500-h500,https://lh3.googleusercontent.com/p/AF1QipN8rPA7DUBbsnBq81Sm13V-ffr7Bmx79hy8Go-t=s1600-w500-h500
Old Dominion Harley-Davidson,5224 Jefferson Davis Highway Fredericksburg,38.2506268,-77.497772,+1 540-376-7833,http://www.od-hd.com/,https://maps.google.com/?cid=6913270024669073472,4.2,https://lh3.googleusercontent.com/p/AF1QipP7n2a9Ly4bWuxQTWa_InoFvPIjermwFwq5uwDu=s1600-w500-h500,https://lh3.googleusercontent.com/p/AF1QipOYvYwimhnOVSybmP1E1sZ-IxNLtAA60R3O5XS1=s1600-w500-h315,https://lh3.googleusercontent.com/p/AF1QipOFibKKlTT0gD1RZL0KHKt8Vj1fo1eYMTk00h8g=s1600-w500-h500
Cycle Gear,1547 East Little Creek Road Norfolk,36.915955,-76.231869,+1 757-480-5680,http://www.cyclegear.com/,https://maps.google.com/?cid=8049286209361365173,4.7,https://lh3.googleusercontent.com/p/AF1QipO3_IFWIyk6VXqs_yvnAinNns6W9yAoS43BxBk1=s1600-w500-h500,https://lh3.googleusercontent.com/p/AF1QipMLZ6qZHM3X1dqqJVqTIBF5EFmk_t_niu6UEeFw=s1600-w500-h500,https://lh3.googleusercontent.com/p/AF1QipO6Z0xD0-wpVGyjhvz9CfA8uepLl4y9PJEqaWUP=s1600-w500-h500
Thunder Road Harley Davidson,4870 Riverside Drive Danville,36.5911233,-79.45934339999999,+1 434-822-2453,http://www.thunderroadhd.com/,https://maps.google.com/?cid=134963729646908943,4.6,https://lh3.googleusercontent.com/p/AF1QipOX6PPxSdG53V1HgIVnSg5QELUokFXuWiU1VP7M=s1600-w500-h500,https://lh3.googleusercontent.com/p/AF1QipOnDHNPaAj8x_CTe9PB9sSGceQUMTPpE54Eu77E=s1600-w500-h500,https://lh3.googleusercontent.com/p/AF1QipMnV3ZalQqZDI4KeqLZrheiTo-bn9igVPcrpyK2=s1600-w500-h500
Timbrook Honda of Winchester,2098 Berryville Pike Winchester,39.187398,-78.111187,+1 540-678-4727,https://timbrookhondaofwinchester.com/index.htm,https://maps.google.com/?cid=6890556617248987963,4.8,https://lh3.googleusercontent.com/p/AF1QipNHGwTgC34l49yYAbjr9Pynll878d7neh4qYFZS=s1600-w500-h500,https://lh3.googleusercontent.com/p/AF1QipOnvhZt2WI7cppiK4nnvMi6ie6SyE0-a2UC7Oj6=s1600-w500-h500,https://lh3.googleusercontent.com/p/AF1QipNE2U_lhny7w28Q72wi2uvOlYt9WGIEzewniu8m=s1600-w500-h500
Zee's Customs,129 Southgate Avenue Virginia Beach,36.8416392,-76.1545072,+1 757-248-8004,http://www.zeescustoms.com/,https://maps.google.com/?cid=18028516312162775600,3,https://lh3.googleusercontent.com/p/AF1QipPPy5yz_yji7_9-1buFzxSF91Cj5t9hL1_Jr0ns=s1600-w500-h500
The Biker's Depot,5300 Kemps River Drive Virginia Beach,36.8030326,-76.17500369999999,+1 757-962-0159,http://www.thebikersdepot.com/,https://maps.google.com/?cid=17295987433598171066,3.5,https://lh3.googleusercontent.com/p/AF1QipMrFj2sWUWVzkFx5qyiMVjxRkdUWSvY7EniIWIp=s1600-w500-h500,https://lh3.googleusercontent.com/p/AF1QipO_Lu1YfDV-VleIlpBk3GYHmY_Vype1iM2WVe4g=s1600-w500-h500,https://lh3.googleusercontent.com/p/AF1QipMl5mptxkceuBXLQx58I3aNNo1pBu5kPlHOmQOX=s1600-w500-h500
MotoRelic Custom Cycles & Fabrication,39244 East Colonial Highway Hamilton,39.135889,-77.644909,+1 703-909-0967,http://www.motorelic.com/,https://maps.google.com/?cid=18221754687300838359,5,https://lh3.googleusercontent.com/p/AF1QipPWbSSFOpONnjvTAgkBapq17kKjBZdhyWSVOy4G=s1600-w500-h500,https://lh3.googleusercontent.com/p/AF1QipNBwcAECa2ASWaWh7cWlKlY22UOyH3fXGJLIi4k=s1600-w500-h500,https://lh3.googleusercontent.com/p/AF1QipPttO3ptTW_yYBvZLRMisOk2M8cOzQTX2DVSZ1_=s1600-w500-h427
Virginia Motorrad,1503 6th Street Southeast Unit 2 Charlottesville,38.018236,-78.486147,+1 434-409-3767,http://vamotorrad.com/,https://maps.google.com/?cid=9680749558578370338,5,https://lh3.googleusercontent.com/p/AF1QipPDAeggg8MCNULekydOMD6qrZjVI-7MslyYVckW=s1600-w500-h500,https://lh3.googleusercontent.com/p/AF1QipPLzunD5AWjPrpdVu0q9TTZzVUmVXoBlqu88ZYA=s1600-w500-h500,https://lh3.googleusercontent.com/p/AF1QipMJU8iBX96dl-qUfaefMMWz_eAuJEksen8Ysn_M=s1600-w500-h500
Blue Ridge Power Sports,20 Heritage Drive Harrisonburg,38.3892279,-78.9189142,+1 540-434-7345,http://www.blueridgepowersports.com/,https://maps.google.com/?cid=4794579132230584066,4.7,https://lh3.googleusercontent.com/p/AF1QipPKoRSJu6YhU6xg5ipkO4YjTMPGxIYh3txaFvBb=s1600-w500-h500,https://lh3.googleusercontent.com/p/AF1QipOAccTOF8AZJyyEaBT7oSKJGJKuw5eIFzC-47-L=s1600-w500-h500,https://lh3.googleusercontent.com/p/AF1QipO5zzkOTTYwxU8daNj7UuZFJVnTTtT0bvpu7-ZP=s1600-w500-h500
Richmond Harley-Davidson,12200 Harley Club Drive Ashland,37.7294161,-77.45210709999999,+1 804-752-2800,http://www.richmondharley.com/,https://maps.google.com/?cid=4168187723237160903,4.5,https://lh3.googleusercontent.com/p/AF1QipMSIdir62g7YVohwsfrh6isH76NOvcA5wPGyXTD=s1600-w500-h500,https://lh3.googleusercontent.com/p/AF1QipPsOombZ6MIvlij1R6A_jCDCkLanRA8-D83YvlZ=s1600-w500-h500,https://lh3.googleusercontent.com/p/AF1QipOvm-AHcMaIjdn_iwFZGaYcRFPFVQCnY344uYps=s1600-w500-h500
Steel Horse Harley-Davidson,11501 Hull Street Rd Midlothian,37.4337258,-77.6074732,+1 804-639-1737,http://www.steelhorseharley.com/,https://maps.google.com/?cid=3819960669077332099,4.3,https://lh3.googleusercontent.com/p/AF1QipMdWSW3aBWwX858DFBy7CUyRK0XIsoNIxT-xxu0=s1600-w500-h500,https://lh3.googleusercontent.com/p/AF1QipMRAiBH_qM1DEvpKEbsbnd59vyKF2C3Gstg5-fl=s1600-w500-h500,https://lh3.googleusercontent.com/p/AF1QipNCSIMcn3FrDuVSAC7o_D0MMBoUEQq15_POS5oC=s1600-w500-h500
Triangle Cycles,2104 Riverside Drive Danville,36.5961331,-79.4046994,+1 434-799-8000,http://www.trianglecycles.com/,https://maps.google.com/?cid=3311017155462513103,4.3,https://lh3.googleusercontent.com/p/AF1QipMVL3siHO56Z2BhYceohODWv3U-QUjb1KyJ6XCd=s1600-w500-h500,https://lh3.googleusercontent.com/p/AF1QipMX8Te9ufm4iVOe8-udaCgto12MwxNbZ_7-WFFd=s1600-w500-h500,https://lh3.googleusercontent.com/p/AF1QipPJd1vc0mIgvknMrFkfVybSrKMvVl-R4v6yD2Ec=s1600-w500-h500
JME Mini Bikes,2505 South Military Highway Ste A Chesapeake,36.7766871,-76.28304779999999,+1 757-545-3858,http://jmeminibikes.com/,https://maps.google.com/?cid=5853977769548993621,5,https://lh3.googleusercontent.com/p/AF1QipPvBDgFmRms0PawewD6ECniyPQeIZjVxFiCMayh=s1600-w500-h500,https://lh3.googleusercontent.com/p/AF1QipNTMaYXb_aERYfRCsTXSznihhEASoYtVKVj3ydH=s1600-w500-h500
Cycle Gear,7000 Spring Garden Drive Springfield,38.7725589,-77.18436199999999,+1 703-940-0958,http://www.cyclegear.com/,https://maps.google.com/?cid=11779747773532723255,4.3,https://lh3.googleusercontent.com/p/AF1QipOqEAmZpuB3oqf2xgHFLThYKrTuX2HZ-UEcAGNv=s1600-w500-h500,https://lh3.googleusercontent.com/p/AF1QipOE2NmYfkoT90FMZgiegqtytWfxiqHnFsQeAUFP=s1600-w500-h500,https://lh3.googleusercontent.com/p/AF1QipOS1z4Frcxemzzbc4nF8rVS1BrGPM69h9jJHtHr=s1600-w500-h500
Black Bear Harley-Davidson,430 Lithia Road Wytheville,36.9508032,-81.0557714,+1 276-228-9000,http://www.blackbearhd.com/,https://maps.google.com/?cid=856304400658906813,4.6,https://lh3.googleusercontent.com/p/AF1QipPkhg_3s5SFZj-ZhduklHP56VXR5Y-JzAVSOY9P=s1600-w500-h500,https://lh3.googleusercontent.com/p/AF1QipOE7t0aij91EgCcOWKLWakPJ7VtJ7EeYbw4qGU=s1600-w500-h500,https://lh3.googleusercontent.com/p/AF1QipNFlpaUGQ8PHiVmWoszHx8X7WMGg6shl6wp5aNI=s1600-w500-h500
TireMax - Powersports: Scooters golf carts go Karts and UTVs,7015 Brook Road Richmond,37.619083,-77.456998,+1 804-262-1900,http://www.tiremax.net/,https://maps.google.com/?cid=370189883292113687,4.6,https://lh3.googleusercontent.com/p/AF1QipNX2W879Y-4M35g_GWJ6fbpZzjBEGvZu8Hg2lbe=s1600-w500-h500,https://lh3.googleusercontent.com/p/AF1QipNWoybXqSaAywtHZoHO2z57kXsMFSIvA-a46TuV=s1600-w500-h500,https://lh3.googleusercontent.com/p/AF1QipN8rPA7DUBbsnBq81Sm13V-ffr7Bmx79hy8Go-t=s1600-w500-h500
Old Dominion Harley-Davidson,5224 Jefferson Davis Highway Fredericksburg,38.2506268,-77.497772,+1 540-376-7833,http://www.od-hd.com/,https://maps.google.com/?cid=6913270024669073472,4.2,https://lh3.googleusercontent.com/p/AF1QipP7n2a9Ly4bWuxQTWa_InoFvPIjermwFwq5uwDu=s1600-w500-h500,https://lh3.googleusercontent.com/p/AF1QipOYvYwimhnOVSybmP1E1sZ-IxNLtAA60R3O5XS1=s1600-w500-h315,https://lh3.googleusercontent.com/p/AF1QipOFibKKlTT0gD1RZL0KHKt8Vj1fo1eYMTk00h8g=s1600-w500-h500
Cycle Gear,1547 East Little Creek Road Norfolk,36.915955,-76.231869,+1 757-480-5680,http://www.cyclegear.com/,https://maps.google.com/?cid=8049286209361365173,4.7,https://lh3.googleusercontent.com/p/AF1QipO3_IFWIyk6VXqs_yvnAinNns6W9yAoS43BxBk1=s1600-w500-h500,https://lh3.googleusercontent.com/p/AF1QipMLZ6qZHM3X1dqqJVqTIBF5EFmk_t_niu6UEeFw=s1600-w500-h500,https://lh3.googleusercontent.com/p/AF1QipO6Z0xD0-wpVGyjhvz9CfA8uepLl4y9PJEqaWUP=s1600-w500-h500
Thunder Road Harley Davidson,4870 Riverside Drive Danville,36.5911233,-79.45934339999999,+1 434-822-2453,http://www.thunderroadhd.com/,https://maps.google.com/?cid=134963729646908943,4.6,https://lh3.googleusercontent.com/p/AF1QipOX6PPxSdG53V1HgIVnSg5QELUokFXuWiU1VP7M=s1600-w500-h500,https://lh3.googleusercontent.com/p/AF1QipOnDHNPaAj8x_CTe9PB9sSGceQUMTPpE54Eu77E=s1600-w500-h500,https://lh3.googleusercontent.com/p/AF1QipMnV3ZalQqZDI4KeqLZrheiTo-bn9igVPcrpyK2=s1600-w500-h500
Timbrook Honda of Winchester,2098 Berryville Pike Winchester,39.187398,-78.111187,+1 540-678-4727,https://timbrookhondaofwinchester.com/index.htm,https://maps.google.com/?cid=6890556617248987963,4.8,https://lh3.googleusercontent.com/p/AF1QipNHGwTgC34l49yYAbjr9Pynll878d7neh4qYFZS=s1600-w500-h500,https://lh3.googleusercontent.com/p/AF1QipOnvhZt2WI7cppiK4nnvMi6ie6SyE0-a2UC7Oj6=s1600-w500-h500,https://lh3.googleusercontent.com/p/AF1QipNE2U_lhny7w28Q72wi2uvOlYt9WGIEzewniu8m=s1600-w500-h500
Zee's Customs,129 Southgate Avenue Virginia Beach,36.8416392,-76.1545072,+1 757-248-8004,http://www.zeescustoms.com/,https://maps.google.com/?cid=18028516312162775600,3,https://lh3.googleusercontent.com/p/AF1QipPPy5yz_yji7_9-1buFzxSF91Cj5t9hL1_Jr0ns=s1600-w500-h500
The Biker's Depot,5300 Kemps River Drive Virginia Beach,36.8030326,-76.17500369999999,+1 757-962-0159,http://www.thebikersdepot.com/,https://maps.google.com/?cid=17295987433598171066,3.5,https://lh3.googleusercontent.com/p/AF1QipMrFj2sWUWVzkFx5qyiMVjxRkdUWSvY7EniIWIp=s1600-w500-h500,https://lh3.googleusercontent.com/p/AF1QipO_Lu1YfDV-VleIlpBk3GYHmY_Vype1iM2WVe4g=s1600-w500-h500,https://lh3.googleusercontent.com/p/AF1QipMl5mptxkceuBXLQx58I3aNNo1pBu5kPlHOmQOX=s1600-w500-h500
MotoRelic Custom Cycles & Fabrication,39244 East Colonial Highway Hamilton,39.135889,-77.644909,+1 703-909-0967,http://www.motorelic.com/,https://maps.google.com/?cid=18221754687300838359,5,https://lh3.googleusercontent.com/p/AF1QipPWbSSFOpONnjvTAgkBapq17kKjBZdhyWSVOy4G=s1600-w500-h500,https://lh3.googleusercontent.com/p/AF1QipNBwcAECa2ASWaWh7cWlKlY22UOyH3fXGJLIi4k=s1600-w500-h500,https://lh3.googleusercontent.com/p/AF1QipPttO3ptTW_yYBvZLRMisOk2M8cOzQTX2DVSZ1_=s1600-w500-h427
Virginia Motorrad,1503 6th Street Southeast Unit 2 Charlottesville,38.018236,-78.486147,+1 434-409-3767,http://vamotorrad.com/,https://maps.google.com/?cid=9680749558578370338,5,https://lh3.googleusercontent.com/p/AF1QipPDAeggg8MCNULekydOMD6qrZjVI-7MslyYVckW=s1600-w500-h500,https://lh3.googleusercontent.com/p/AF1QipPLzunD5AWjPrpdVu0q9TTZzVUmVXoBlqu88ZYA=s1600-w500-h500,https://lh3.googleusercontent.com/p/AF1QipMJU8iBX96dl-qUfaefMMWz_eAuJEksen8Ysn_M=s1600-w500-h500
Blue Ridge Power Sports,20 Heritage Drive Harrisonburg,38.3892279,-78.9189142,+1 540-434-7345,http://www.blueridgepowersports.com/,https://maps.google.com/?cid=4794579132230584066,4.7,https://lh3.googleusercontent.com/p/AF1QipPKoRSJu6YhU6xg5ipkO4YjTMPGxIYh3txaFvBb=s1600-w500-h500,https://lh3.googleusercontent.com/p/AF1QipOAccTOF8AZJyyEaBT7oSKJGJKuw5eIFzC-47-L=s1600-w500-h500,https://lh3.googleusercontent.com/p/AF1QipO5zzkOTTYwxU8daNj7UuZFJVnTTtT0bvpu7-ZP=s1600-w500-h500
